0mp1wjxj,To Do Test Card,Doing,To Do,2025-01-05T16:03:42.784Z
ncwOa007,Testing Card Today,To Do,,
JhAKdBWi,Testing Card Today 2,To Do,,
sBA33lBo,Doing Test Card 2,Doing,,
FwlGANcl,Done Test Card ,Done,,
MLjIsgM9,To Do Test Card 2,Doing,Done,2025-01-05T16:18:14.672Z
I4D31VEG,Doing Test Card,Doing,Done,2025-01-05T16:34:07.076Z
cx7lHpY5,To do Test Card,To Do,,
uZGMv3Yu,Done 123,To Do,Doing,2025-01-07T06:40:36.392Z
kGKhlenN,123,To Do,Doing,2025-01-07T06:40:38.365Z
swS21gjL,123,To Do,Doing,2025-01-07T06:40:32.255Z
Y3KGd5oQ,Doing 123,Doing,Done,2025-01-07T06:40:37.313Z
